GrantCode,GrantName,Priority,StartDate,EndDate,TotalAmount,BusinessUnit,Country,Account,ProjectName,DepartmentName
G1000,Grant 1,362,2025-03-25 00:00:00,2025-12-21 00:00:00,373370,,KE,10005,Expansion,
G1001,Grant 2,74,2025-02-12 00:00:00,2025-07-25 00:00:00,191347,Retail,RW,,Soil Health,
G1002,Grant 3,375,2025-04-15 00:00:00,2025-12-25 00:00:00,152836,,RW,,,
G1003,Grant 4,156,2025-03-14 00:00:00,2025-12-10 00:00:00,4267,Retail,DRC,10002,,
G1004,Grant 5,105,2025-02-24 00:00:00,2025-07-06 00:00:00,310439,,,10003,,
G1005,Grant 6,395,2025-01-12 00:00:00,2025-11-16 00:00:00,175358,,RW,,Soil Health,
G1006,Grant 7,378,2025-02-21 00:00:00,2025-10-21 00:00:00,467152,,,,Soil Health,
G1007,Grant 8,125,2025-04-17 00:00:00,2025-10-28 00:00:00,350652,,,,,M&E
G1008,Grant 9,69,2025-01-27 00:00:00,2025-09-25 00:00:00,7801,Education,KE,,,
G1009,Grant 10,451,2025-01-31 00:00:00,2025-06-18 00:00:00,215532,R&D,,10003,,
G1010,Grant 11,10,2025-04-15 00:00:00,2026-01-26 00:00:00,204196,,,,Expansion,
G1011,Grant 12,195,2025-02-14 00:00:00,2025-11-20 00:00:00,315368,,,,,Logistics
G1012,Grant 13,407,2025-01-14 00:00:00,2025-10-03 00:00:00,416916,,,10005,,
G1013,Grant 14,85,2025-01-08 00:00:00,2025-09-06 00:00:00,315782,,DRC,10003,,
G1014,Grant 15,372,2025-04-27 00:00:00,2026-03-24 00:00:00,47427,Agri,,,,
G1015,Grant 16,389,2025-04-24 00:00:00,2025-12-08 00:00:00,167619,R&D,DRC,,,Finance
G1016,Grant 17,496,2025-04-08 00:00:00,2025-11-18 00:00:00,169964,,,10002,Soil Health,Logistics
G1017,Grant 18,31,2025-03-15 00:00:00,2025-10-03 00:00:00,106570,Agri,DRC,,Soil Health,M&E
G1018,Grant 19,317,2025-02-03 00:00:00,2025-12-01 00:00:00,145528,,UG,,,
G1019,Grant 20,409,2025-02-16 00:00:00,2025-11-13 00:00:00,437341,,,10002,,
G1020,Grant 21,491,2025-03-20 00:00:00,2025-10-16 00:00:00,45238,R&D,,10002,,
G1021,Grant 22,492,2025-01-10 00:00:00,2025-11-09 00:00:00,257434,Retail,,,,Field Operations
G1022,Grant 23,281,2025-04-21 00:00:00,2026-01-16 00:00:00,217464,,,10003,,
G1023,Grant 24,357,2025-01-21 00:00:00,2025-05-25 00:00:00,499870,Health,,10004,,
G1024,Grant 25,77,2025-03-14 00:00:00,2025-08-06 00:00:00,481721,,,,,Logistics
G1025,Grant 26,462,2025-02-25 00:00:00,2026-01-24 00:00:00,404704,Agri,,,Soil Health,
G1026,Grant 27,498,2025-04-21 00:00:00,2026-04-12 00:00:00,140789,,,10002,Expansion,
G1027,Grant 28,212,2025-01-17 00:00:00,2025-05-29 00:00:00,119033,,,,Soil Health,
G1028,Grant 29,102,2025-04-23 00:00:00,2026-04-13 00:00:00,372923,,,,,M&E
G1029,Grant 30,335,2025-02-22 00:00:00,2025-11-18 00:00:00,73274,,,,,Finance
G1030,Grant 31,476,2025-03-25 00:00:00,2026-02-27 00:00:00,486652,,,,Soil Health,Logistics
G1031,Grant 32,337,2025-04-28 00:00:00,2025-11-01 00:00:00,160818,,,,Soil Health,
G1032,Grant 33,441,2025-04-17 00:00:00,2025-08-17 00:00:00,92922,,,,Expansion,
G1033,Grant 34,174,2025-01-09 00:00:00,2025-11-27 00:00:00,283272,Agri,,,,
G1034,Grant 35,3,2025-04-09 00:00:00,2025-09-10 00:00:00,94070,Core Program,,10001,Expansion,
G1035,Grant 36,334,2025-03-19 00:00:00,2025-12-17 00:00:00,249320,Core Program,TZ,10005,,
G1036,Grant 37,410,2025-04-07 00:00:00,2025-08-27 00:00:00,126501,,,10005,Farmer Training,
G1037,Grant 38,71,2025-01-06 00:00:00,2025-07-11 00:00:00,103974,,,10001,,
G1038,Grant 39,210,2025-04-11 00:00:00,2026-01-10 00:00:00,97646,,UG,10004,,
G1039,Grant 40,64,2025-03-29 00:00:00,2026-01-22 00:00:00,214942,Agri,,10002,,M&E
G1040,Grant 41,385,2025-01-27 00:00:00,2025-08-03 00:00:00,303775,R&D,,,,Field Operations
G1041,Grant 42,94,2025-02-12 00:00:00,2026-01-01 00:00:00,72315,Health,,,,Field Operations
G1042,Grant 43,486,2025-03-19 00:00:00,2025-08-25 00:00:00,171987,,TZ,,,
G1043,Grant 44,186,2025-04-25 00:00:00,2026-02-06 00:00:00,463120,,,10001,,
G1044,Grant 45,34,2025-03-16 00:00:00,2025-08-20 00:00:00,457590,R&D,,,,
G1045,Grant 46,78,2025-02-21 00:00:00,2026-01-04 00:00:00,140649,,,10002,,
G1046,Grant 47,1,2025-01-20 00:00:00,2025-09-14 00:00:00,283100,,,,Yield Improvement,
G1047,Grant 48,12,2025-01-29 00:00:00,2025-07-16 00:00:00,156989,,DRC,,Soil Health,
G1048,Grant 49,416,2025-02-20 00:00:00,2025-08-21 00:00:00,218516,R&D,,,,
G1049,Grant 50,23,2025-01-07 00:00:00,2025-08-07 00:00:00,328299,Agri,,10003,Farmer Training,Finance
G1050,Grant 51,73,2025-04-21 00:00:00,2025-08-26 00:00:00,110575,,,10003,,
G1051,Grant 52,183,2025-01-19 00:00:00,2025-09-07 00:00:00,328073,R&D,,,,
G1052,Grant 53,132,2025-03-28 00:00:00,2025-11-21 00:00:00,168292,Health,TZ,,,
G1053,Grant 54,411,2025-04-30 00:00:00,2025-10-25 00:00:00,379387,,DRC,10001,,M&E
G1054,Grant 55,194,2025-04-20 00:00:00,2025-08-21 00:00:00,91093,Agri,,,,
G1055,Grant 56,56,2025-02-03 00:00:00,2025-06-19 00:00:00,319105,,DRC,,Farmer Training,
G1056,Grant 57,149,2025-04-19 00:00:00,2025-10-08 00:00:00,416396,,,,Expansion,
G1057,Grant 58,19,2025-02-20 00:00:00,2025-12-17 00:00:00,337326,,,,,M&E
G1058,Grant 59,205,2025-04-08 00:00:00,2025-09-29 00:00:00,12555,,,10005,,
G1059,Grant 60,79,2025-04-17 00:00:00,2026-03-28 00:00:00,417366,,,10001,Farmer Training,Field Operations
G1060,Grant 61,495,2025-02-04 00:00:00,2025-10-12 00:00:00,179376,,,10005,,
G1061,Grant 62,263,2025-01-17 00:00:00,2025-07-29 00:00:00,29145,,,,Yield Improvement,Finance
G1062,Grant 63,324,2025-01-15 00:00:00,2025-07-12 00:00:00,37408,,,10003,,
G1063,Grant 64,484,2025-04-25 00:00:00,2026-02-14 00:00:00,353744,,,,,Logistics
G1064,Grant 65,80,2025-01-31 00:00:00,2025-10-29 00:00:00,205615,Retail,RW,,Farmer Training,
G1065,Grant 66,40,2025-04-23 00:00:00,2025-08-24 00:00:00,122826,,,10005,,
G1066,Grant 67,452,2025-01-30 00:00:00,2025-06-11 00:00:00,317764,Core Program,,,,M&E
G1067,Grant 68,47,2025-04-21 00:00:00,2025-12-17 00:00:00,28788,Retail,,,,M&E
G1068,Grant 69,239,2025-02-17 00:00:00,2025-12-26 00:00:00,365809,,,,,M&E
G1069,Grant 70,392,2025-02-08 00:00:00,2025-12-08 00:00:00,262044,,KE,10001,,
G1070,Grant 71,353,2025-04-25 00:00:00,2026-04-16 00:00:00,188710,Core Program,,,Farmer Training,
G1071,Grant 72,342,2025-03-28 00:00:00,2026-01-18 00:00:00,428373,,RW,10002,Soil Health,
G1072,Grant 73,278,2025-04-09 00:00:00,2026-03-24 00:00:00,309744,,,,Soil Health,M&E
G1073,Grant 74,291,2025-03-08 00:00:00,2025-12-05 00:00:00,55028,R&D,,,,
G1074,Grant 75,318,2025-02-17 00:00:00,2025-09-14 00:00:00,89801,Education,,,,
G1075,Grant 76,305,2025-02-27 00:00:00,2025-09-01 00:00:00,42873,,DRC,,,
G1076,Grant 77,269,2025-02-10 00:00:00,2025-06-22 00:00:00,133663,Retail,RW,,Expansion,M&E
G1077,Grant 78,70,2025-04-25 00:00:00,2025-09-22 00:00:00,427346,,KE,,Farmer Training,Field Operations
G1078,Grant 79,456,2025-03-07 00:00:00,2026-02-13 00:00:00,48638,Retail,,,Expansion,
G1079,Grant 80,466,2025-03-24 00:00:00,2025-12-26 00:00:00,489972,,,,Soil Health,
G1080,Grant 81,155,2025-04-01 00:00:00,2026-02-06 00:00:00,30257,Agri,,10004,,
G1081,Grant 82,83,2025-02-05 00:00:00,2026-01-17 00:00:00,182264,,,10002,Soil Health,Finance
G1082,Grant 83,478,2025-02-15 00:00:00,2026-01-26 00:00:00,153499,,,10005,,
G1083,Grant 84,173,2025-03-19 00:00:00,2025-10-08 00:00:00,233732,,KE,,,
G1084,Grant 85,322,2025-01-06 00:00:00,2025-09-29 00:00:00,397309,,,10003,,
G1085,Grant 86,91,2025-01-12 00:00:00,2025-05-29 00:00:00,195488,R&D,,,,
G1086,Grant 87,181,2025-02-13 00:00:00,2025-12-10 00:00:00,432374,,,,,Field Operations
G1087,Grant 88,415,2025-02-17 00:00:00,2025-12-21 00:00:00,399871,Core Program,,,,
G1088,Grant 89,313,2025-03-23 00:00:00,2025-11-07 00:00:00,130749,,DRC,,,
G1089,Grant 90,279,2025-03-17 00:00:00,2025-11-12 00:00:00,389590,Core Program,RW,10005,Soil Health,
G1090,Grant 91,382,2025-01-30 00:00:00,2025-11-06 00:00:00,446485,Core Program,TZ,,,Finance
G1091,Grant 92,473,2025-03-02 00:00:00,2026-01-10 00:00:00,220724,,UG,,,Finance
G1092,Grant 93,363,2025-01-07 00:00:00,2025-11-25 00:00:00,444002,Core Program,KE,,Soil Health,
G1093,Grant 94,325,2025-01-13 00:00:00,2025-06-06 00:00:00,178235,,UG,,,
G1094,Grant 95,432,2025-01-18 00:00:00,2025-12-14 00:00:00,342292,,UG,,,
G1095,Grant 96,348,2025-04-04 00:00:00,2026-03-02 00:00:00,263805,,,,Soil Health,
G1096,Grant 97,87,2025-02-05 00:00:00,2025-09-29 00:00:00,60321,,TZ,,Trees,
G1097,Grant 98,76,2025-01-18 00:00:00,2025-06-26 00:00:00,32585,,UG,,,
G1098,Grant 99,439,2025-03-03 00:00:00,2025-08-29 00:00:00,261116,,,,,M&E
G1099,Grant 100,16,2025-03-06 00:00:00,2025-12-18 00:00:00,488804,,,10004,,
G1100,Grant 101,250,2025-01-08 00:00:00,2025-10-25 00:00:00,349619,,,,,Field Operations
G1101,Grant 102,434,2025-02-25 00:00:00,2025-11-27 00:00:00,417715,,,,Trees,M&E
G1102,Grant 103,20,2025-04-29 00:00:00,2025-09-30 00:00:00,346454,,,,Expansion,
G1103,Grant 104,323,2025-02-12 00:00:00,2025-10-15 00:00:00,218285,,,,Expansion,M&E
G1104,Grant 105,333,2025-03-21 00:00:00,2026-01-12 00:00:00,127945,,,,,Field Operations
G1105,Grant 106,57,2025-02-24 00:00:00,2025-10-20 00:00:00,306897,,,10005,,
G1106,Grant 107,302,2025-03-09 00:00:00,2025-08-08 00:00:00,147649,Health,UG,10002,,M&E
G1107,Grant 108,230,2025-03-30 00:00:00,2026-01-19 00:00:00,102376,,,,,Finance
G1108,Grant 109,332,2025-03-23 00:00:00,2025-12-08 00:00:00,466676,Agri,,,,Logistics
G1109,Grant 110,133,2025-03-01 00:00:00,2025-09-29 00:00:00,362448,,,,,Logistics
G1110,Grant 111,138,2025-01-09 00:00:00,2025-05-11 00:00:00,367040,,,,,Field Operations
G1111,Grant 112,424,2025-04-18 00:00:00,2025-12-16 00:00:00,23612,,,10002,,
G1112,Grant 113,336,2025-01-19 00:00:00,2025-06-21 00:00:00,499090,R&D,,,,
G1113,Grant 114,26,2025-01-18 00:00:00,2025-05-19 00:00:00,309557,,TZ,,,
G1114,Grant 115,465,2025-02-25 00:00:00,2026-02-20 00:00:00,177048,,,,,Finance
G1115,Grant 116,282,2025-01-13 00:00:00,2025-09-08 00:00:00,222097,,UG,,,
G1116,Grant 117,248,2025-03-21 00:00:00,2025-09-05 00:00:00,197501,,,,Soil Health,Finance
G1117,Grant 118,238,2025-04-07 00:00:00,2026-02-03 00:00:00,233601,Health,,,,
G1118,Grant 119,118,2025-03-14 00:00:00,2025-09-27 00:00:00,261337,,,10002,,
G1119,Grant 120,43,2025-04-23 00:00:00,2026-03-11 00:00:00,247860,,,,,Field Operations
G1120,Grant 121,221,2025-01-03 00:00:00,2025-07-14 00:00:00,194510,,,,,Finance
G1121,Grant 122,177,2025-04-12 00:00:00,2026-02-25 00:00:00,32367,,,10001,,
G1122,Grant 123,321,2025-03-28 00:00:00,2025-08-24 00:00:00,336938,,,,,Logistics
G1123,Grant 124,154,2025-01-17 00:00:00,2025-10-07 00:00:00,316507,Education,,,,
G1124,Grant 125,232,2025-01-21 00:00:00,2025-08-12 00:00:00,152175,,RW,10005,,Logistics
G1125,Grant 126,228,2025-04-15 00:00:00,2025-11-05 00:00:00,218029,,,,,Finance
G1126,Grant 127,418,2025-01-22 00:00:00,2025-11-08 00:00:00,36585,Health,,10001,Soil Health,
G1127,Grant 128,204,2025-03-21 00:00:00,2025-07-25 00:00:00,11382,,RW,,,
G1128,Grant 129,127,2025-03-07 00:00:00,2025-07-29 00:00:00,489371,,,10005,,Finance
G1129,Grant 130,330,2025-01-13 00:00:00,2025-09-06 00:00:00,457956,Core Program,KE,,Soil Health,Finance
G1130,Grant 131,32,2025-03-19 00:00:00,2025-08-05 00:00:00,249289,R&D,,10004,,
G1131,Grant 132,114,2025-01-11 00:00:00,2025-11-04 00:00:00,252537,Retail,,,,
G1132,Grant 133,471,2025-04-13 00:00:00,2025-09-19 00:00:00,178404,,,,Trees,
G1133,Grant 134,272,2025-04-09 00:00:00,2025-08-13 00:00:00,24312,,TZ,10004,Expansion,
G1134,Grant 135,141,2025-03-28 00:00:00,2025-09-21 00:00:00,490626,,,,Expansion,
G1135,Grant 136,58,2025-04-09 00:00:00,2026-04-04 00:00:00,137614,,KE,10005,Expansion,
G1136,Grant 137,193,2025-04-03 00:00:00,2026-01-27 00:00:00,464547,,DRC,,,Finance
G1137,Grant 138,25,2025-02-17 00:00:00,2025-07-15 00:00:00,293764,,,,Farmer Training,M&E
G1138,Grant 139,18,2025-03-20 00:00:00,2025-12-09 00:00:00,305224,,,,Trees,
G1139,Grant 140,266,2025-02-20 00:00:00,2025-11-18 00:00:00,8099,,,,Trees,
G1140,Grant 141,67,2025-01-28 00:00:00,2025-07-17 00:00:00,90570,,,,Expansion,
G1141,Grant 142,209,2025-03-14 00:00:00,2026-01-21 00:00:00,160210,,,10005,Farmer Training,
G1142,Grant 143,480,2025-01-10 00:00:00,2025-10-05 00:00:00,490934,,,10001,,Finance
G1143,Grant 144,95,2025-01-17 00:00:00,2025-10-31 00:00:00,479883,Education,,,,
G1144,Grant 145,254,2025-02-15 00:00:00,2025-10-05 00:00:00,90489,,KE,,,
G1145,Grant 146,267,2025-04-14 00:00:00,2026-04-06 00:00:00,253791,R&D,,10002,,Field Operations
G1146,Grant 147,24,2025-02-19 00:00:00,2025-09-21 00:00:00,345710,,RW,,,
G1147,Grant 148,223,2025-04-11 00:00:00,2025-11-27 00:00:00,485814,,,,Soil Health,
G1148,Grant 149,262,2025-03-30 00:00:00,2025-08-06 00:00:00,351343,Retail,,,Trees,
G1149,Grant 150,427,2025-01-12 00:00:00,2025-12-06 00:00:00,166268,,,,Farmer Training,M&E
G1150,Grant 151,6,2025-02-27 00:00:00,2025-11-05 00:00:00,195509,,KE,10002,,
G1151,Grant 152,117,2025-02-26 00:00:00,2025-12-15 00:00:00,10596,,,,Trees,
G1152,Grant 153,46,2025-01-30 00:00:00,2025-08-19 00:00:00,409595,,,10005,,
G1153,Grant 154,17,2025-01-31 00:00:00,2025-09-07 00:00:00,408442,,,,Soil Health,Logistics
G1154,Grant 155,463,2025-02-26 00:00:00,2025-10-21 00:00:00,246439,,,,Soil Health,Logistics
G1155,Grant 156,358,2025-03-31 00:00:00,2025-12-19 00:00:00,469780,,,10004,Trees,Field Operations
G1156,Grant 157,4,2025-04-19 00:00:00,2025-10-06 00:00:00,239404,,TZ,,,
G1157,Grant 158,219,2025-04-10 00:00:00,2025-10-16 00:00:00,24284,,,,,Logistics
G1158,Grant 159,406,2025-01-31 00:00:00,2025-08-22 00:00:00,289345,Education,UG,,,
G1159,Grant 160,61,2025-03-21 00:00:00,2025-12-09 00:00:00,408191,,,,Trees,
G1160,Grant 161,111,2025-03-09 00:00:00,2025-12-31 00:00:00,232390,,,,Trees,
G1161,Grant 162,319,2025-02-26 00:00:00,2025-12-07 00:00:00,365448,,UG,,,
G1162,Grant 163,429,2025-03-02 00:00:00,2025-12-15 00:00:00,412961,,,,Yield Improvement,
G1163,Grant 164,30,2025-02-27 00:00:00,2025-08-08 00:00:00,269448,Retail,,,,M&E
G1164,Grant 165,438,2025-02-26 00:00:00,2025-08-30 00:00:00,178832,,KE,,,
G1165,Grant 166,472,2025-02-18 00:00:00,2025-12-26 00:00:00,122673,Retail,,,Trees,Field Operations
G1166,Grant 167,27,2025-01-14 00:00:00,2025-10-15 00:00:00,240647,R&D,,,,
G1167,Grant 168,8,2025-04-26 00:00:00,2026-04-07 00:00:00,450916,,,,Farmer Training,
G1168,Grant 169,454,2025-04-02 00:00:00,2025-09-09 00:00:00,22253,Education,KE,,,
G1169,Grant 170,109,2025-04-17 00:00:00,2025-09-23 00:00:00,339083,,,10002,,
G1170,Grant 171,38,2025-01-11 00:00:00,2025-06-25 00:00:00,400845,Education,,,,
G1171,Grant 172,158,2025-01-27 00:00:00,2025-08-03 00:00:00,373598,,,10005,,
G1172,Grant 173,490,2025-04-26 00:00:00,2026-04-10 00:00:00,272896,Health,,10004,,Field Operations
G1173,Grant 174,119,2025-01-03 00:00:00,2025-07-17 00:00:00,96665,,RW,,,
G1174,Grant 175,115,2025-03-23 00:00:00,2025-09-16 00:00:00,13763,,UG,,Trees,Field Operations
G1175,Grant 176,176,2025-04-09 00:00:00,2026-01-21 00:00:00,34866,Agri,,,Trees,
G1176,Grant 177,374,2025-02-07 00:00:00,2025-10-27 00:00:00,142559,Education,,,,
G1177,Grant 178,182,2025-03-20 00:00:00,2026-02-12 00:00:00,103932,Health,KE,,Expansion,
G1178,Grant 179,145,2025-03-25 00:00:00,2025-11-12 00:00:00,51290,,,10003,,
G1179,Grant 180,370,2025-03-04 00:00:00,2025-09-12 00:00:00,140544,Core Program,UG,10001,,Finance
G1180,Grant 181,391,2025-04-30 00:00:00,2025-10-18 00:00:00,274146,Agri,,,,
G1181,Grant 182,196,2025-04-20 00:00:00,2025-11-11 00:00:00,309877,Health,,,Soil Health,Logistics
G1182,Grant 183,405,2025-03-08 00:00:00,2025-12-24 00:00:00,390032,R&D,KE,,,Logistics
G1183,Grant 184,276,2025-02-16 00:00:00,2025-11-30 00:00:00,279432,,DRC,10001,,
G1184,Grant 185,455,2025-02-20 00:00:00,2025-10-29 00:00:00,224563,,,10001,,Finance
G1185,Grant 186,142,2025-03-13 00:00:00,2025-10-05 00:00:00,150302,Education,,,,M&E
G1186,Grant 187,366,2025-04-03 00:00:00,2025-11-17 00:00:00,480141,,,,,M&E
G1187,Grant 188,68,2025-01-20 00:00:00,2025-09-20 00:00:00,462552,,,10005,,Field Operations
G1188,Grant 189,211,2025-01-21 00:00:00,2025-07-10 00:00:00,497217,,,10001,,Logistics
G1189,Grant 190,169,2025-04-19 00:00:00,2025-08-28 00:00:00,438818,,,,,M&E
G1190,Grant 191,494,2025-02-18 00:00:00,2025-12-09 00:00:00,204196,Agri,DRC,,Trees,Finance
G1191,Grant 192,376,2025-04-23 00:00:00,2026-04-02 00:00:00,68411,Retail,,,,
G1192,Grant 193,401,2025-02-20 00:00:00,2025-10-15 00:00:00,279859,,,10001,,
G1193,Grant 194,273,2025-03-22 00:00:00,2026-01-04 00:00:00,65200,,TZ,,,
G1194,Grant 195,110,2025-01-28 00:00:00,2025-06-17 00:00:00,160741,Core Program,,,,
G1195,Grant 196,249,2025-03-08 00:00:00,2026-01-16 00:00:00,473501,,,10004,,M&E
G1196,Grant 197,146,2025-02-06 00:00:00,2025-06-12 00:00:00,80003,,KE,,,
G1197,Grant 198,93,2025-04-23 00:00:00,2025-09-27 00:00:00,69803,,,10001,,
G1198,Grant 199,153,2025-03-16 00:00:00,2025-08-27 00:00:00,402983,,,10003,,
G1199,Grant 200,368,2025-02-06 00:00:00,2025-11-22 00:00:00,221931,,DRC,,,
G1200,Grant 201,468,2025-02-06 00:00:00,2026-01-24 00:00:00,205923,,,,Expansion,
G1201,Grant 202,84,2025-03-26 00:00:00,2026-01-13 00:00:00,3352,R&D,,10005,Expansion,
G1202,Grant 203,246,2025-04-08 00:00:00,2025-12-22 00:00:00,83302,,,,Yield Improvement,
G1203,Grant 204,166,2025-01-08 00:00:00,2025-06-04 00:00:00,145355,,,10001,,Field Operations
G1204,Grant 205,164,2025-01-21 00:00:00,2025-10-06 00:00:00,81388,Agri,DRC,10004,,Logistics
G1205,Grant 206,200,2025-04-18 00:00:00,2025-10-06 00:00:00,27086,Education,DRC,,,M&E
G1206,Grant 207,229,2025-03-22 00:00:00,2026-01-14 00:00:00,96071,,,,Yield Improvement,
G1207,Grant 208,75,2025-03-13 00:00:00,2025-11-03 00:00:00,187292,,,10002,,Logistics
G1208,Grant 209,479,2025-03-02 00:00:00,2025-07-30 00:00:00,499604,,,,,Field Operations
G1209,Grant 210,359,2025-02-04 00:00:00,2025-12-04 00:00:00,91102,,,,Yield Improvement,
G1210,Grant 211,251,2025-02-06 00:00:00,2025-06-06 00:00:00,59653,Agri,,,,
G1211,Grant 212,120,2025-02-03 00:00:00,2025-11-23 00:00:00,257910,R&D,DRC,10005,,
G1212,Grant 213,311,2025-01-16 00:00:00,2025-07-20 00:00:00,263093,Education,RW,,Yield Improvement,
G1213,Grant 214,300,2025-02-03 00:00:00,2025-07-11 00:00:00,343951,,,10002,,
G1214,Grant 215,256,2025-02-26 00:00:00,2025-07-20 00:00:00,262570,,,10005,,
G1215,Grant 216,355,2025-03-20 00:00:00,2025-08-08 00:00:00,424966,,,,,Field Operations
G1216,Grant 217,400,2025-03-20 00:00:00,2026-01-18 00:00:00,243717,,,,Soil Health,
G1217,Grant 218,226,2025-03-10 00:00:00,2025-12-26 00:00:00,55238,,UG,,Farmer Training,
G1218,Grant 219,354,2025-02-20 00:00:00,2025-11-07 00:00:00,255840,,,10003,,M&E
G1219,Grant 220,235,2025-01-10 00:00:00,2025-10-31 00:00:00,92218,,,,,M&E
G1220,Grant 221,383,2025-01-21 00:00:00,2025-08-12 00:00:00,357374,R&D,DRC,10003,Expansion,
G1221,Grant 222,275,2025-01-18 00:00:00,2025-12-09 00:00:00,368570,,TZ,,,
G1222,Grant 223,37,2025-03-16 00:00:00,2025-09-05 00:00:00,124106,,KE,10004,,
G1223,Grant 224,197,2025-01-28 00:00:00,2025-08-05 00:00:00,128927,,,,,Logistics
G1224,Grant 225,140,2025-02-22 00:00:00,2025-08-04 00:00:00,246739,,,,Soil Health,Field Operations
G1225,Grant 226,365,2025-02-23 00:00:00,2025-10-16 00:00:00,58134,Education,,,,
G1226,Grant 227,245,2025-04-14 00:00:00,2025-11-11 00:00:00,156159,,,,Trees,Finance
G1227,Grant 228,440,2025-02-24 00:00:00,2025-12-26 00:00:00,265889,Agri,,,,
G1228,Grant 229,287,2025-03-28 00:00:00,2026-02-27 00:00:00,315099,,TZ,,,Field Operations
G1229,Grant 230,60,2025-03-31 00:00:00,2025-08-01 00:00:00,29151,,,,Yield Improvement,
G1230,Grant 231,112,2025-04-16 00:00:00,2026-02-14 00:00:00,113217,Agri,,,,
G1231,Grant 232,90,2025-04-17 00:00:00,2025-10-18 00:00:00,427009,,UG,,,
G1232,Grant 233,437,2025-02-07 00:00:00,2025-11-08 00:00:00,428056,Retail,,,,
G1233,Grant 234,7,2025-04-04 00:00:00,2025-08-04 00:00:00,438985,,UG,,,
G1234,Grant 235,361,2025-04-18 00:00:00,2025-10-24 00:00:00,432069,,,10004,,
G1235,Grant 236,347,2025-04-12 00:00:00,2025-12-05 00:00:00,29328,,,,Yield Improvement,
G1236,Grant 237,339,2025-04-29 00:00:00,2025-09-03 00:00:00,388025,Retail,TZ,10004,,M&E
G1237,Grant 238,159,2025-02-06 00:00:00,2025-08-18 00:00:00,217204,Retail,TZ,10001,Yield Improvement,
G1238,Grant 239,151,2025-04-11 00:00:00,2026-01-10 00:00:00,412236,,,10002,Yield Improvement,
G1239,Grant 240,178,2025-03-30 00:00:00,2025-10-28 00:00:00,234820,Health,,10005,Expansion,
G1240,Grant 241,394,2025-04-03 00:00:00,2026-02-28 00:00:00,447790,,,,,Field Operations
G1241,Grant 242,185,2025-02-10 00:00:00,2025-09-22 00:00:00,476828,Health,UG,10004,,Finance
G1242,Grant 243,450,2025-04-09 00:00:00,2025-10-21 00:00:00,244588,,KE,,,
G1243,Grant 244,11,2025-04-16 00:00:00,2025-11-05 00:00:00,470273,Health,RW,10005,,Logistics
G1244,Grant 245,381,2025-03-09 00:00:00,2025-11-05 00:00:00,444790,,,10005,,
G1245,Grant 246,104,2025-04-16 00:00:00,2025-08-17 00:00:00,476406,Health,DRC,,,Logistics
G1246,Grant 247,82,2025-03-01 00:00:00,2025-08-21 00:00:00,455466,,KE,,,
G1247,Grant 248,39,2025-04-25 00:00:00,2026-02-02 00:00:00,497965,,KE,,,
G1248,Grant 249,315,2025-04-22 00:00:00,2025-12-20 00:00:00,323286,Agri,DRC,,,
G1249,Grant 250,168,2025-01-09 00:00:00,2025-12-03 00:00:00,139286,,,,Expansion,
G1250,Grant 251,470,2025-03-30 00:00:00,2025-09-16 00:00:00,316018,,KE,10001,,
G1251,Grant 252,297,2025-02-10 00:00:00,2026-01-16 00:00:00,78603,Agri,,10002,Yield Improvement,
G1252,Grant 253,475,2025-03-22 00:00:00,2026-01-30 00:00:00,347184,,TZ,,,
G1253,Grant 254,199,2025-04-29 00:00:00,2026-01-05 00:00:00,338369,Education,,10002,,Logistics
G1254,Grant 255,298,2025-01-13 00:00:00,2026-01-07 00:00:00,89791,Health,,,Soil Health,M&E
G1255,Grant 256,417,2025-04-30 00:00:00,2025-09-18 00:00:00,330535,,RW,,,
G1256,Grant 257,147,2025-01-12 00:00:00,2025-09-14 00:00:00,411482,Agri,,,,
G1257,Grant 258,393,2025-02-02 00:00:00,2025-08-02 00:00:00,246300,Health,,10003,,
G1258,Grant 259,148,2025-03-28 00:00:00,2025-08-08 00:00:00,246809,,,10005,Yield Improvement,Finance
G1259,Grant 260,448,2025-01-17 00:00:00,2025-07-21 00:00:00,482494,,,10004,,
G1260,Grant 261,288,2025-04-08 00:00:00,2025-11-02 00:00:00,411117,,,10002,,
G1261,Grant 262,124,2025-01-20 00:00:00,2025-09-04 00:00:00,211722,,,10002,,
G1262,Grant 263,369,2025-03-11 00:00:00,2026-02-26 00:00:00,62842,Education,,,,
G1263,Grant 264,97,2025-02-17 00:00:00,2025-11-12 00:00:00,431179,Health,,,Expansion,Field Operations
G1264,Grant 265,144,2025-02-05 00:00:00,2025-08-16 00:00:00,362719,Retail,,,,
G1265,Grant 266,240,2025-04-21 00:00:00,2025-09-02 00:00:00,344276,Core Program,,10001,,Finance
G1266,Grant 267,443,2025-04-19 00:00:00,2026-01-31 00:00:00,489067,R&D,,,,Finance
G1267,Grant 268,98,2025-03-03 00:00:00,2025-08-27 00:00:00,273422,,,10004,,
G1268,Grant 269,408,2025-04-12 00:00:00,2025-10-13 00:00:00,215176,,,,Farmer Training,
G1269,Grant 270,123,2025-02-06 00:00:00,2025-10-20 00:00:00,264158,,RW,,Soil Health,M&E
G1270,Grant 271,184,2025-02-06 00:00:00,2025-08-23 00:00:00,412473,,DRC,,,
G1271,Grant 272,203,2025-02-24 00:00:00,2025-06-26 00:00:00,179267,,,,Soil Health,
G1272,Grant 273,247,2025-02-16 00:00:00,2025-09-07 00:00:00,14261,,,10005,,
G1273,Grant 274,306,2025-02-21 00:00:00,2025-09-16 00:00:00,148026,Health,,,,Field Operations
G1274,Grant 275,299,2025-04-25 00:00:00,2025-12-09 00:00:00,466048,,DRC,10004,,
G1275,Grant 276,352,2025-01-29 00:00:00,2026-01-22 00:00:00,347658,Core Program,KE,10005,,
G1276,Grant 277,387,2025-02-02 00:00:00,2025-11-06 00:00:00,264844,,TZ,10005,,
G1277,Grant 278,396,2025-04-28 00:00:00,2026-01-15 00:00:00,370360,,,10003,,
G1278,Grant 279,285,2025-01-29 00:00:00,2025-11-22 00:00:00,4453,Education,RW,,,Logistics
G1279,Grant 280,126,2025-03-12 00:00:00,2025-07-22 00:00:00,162121,,KE,,,
G1280,Grant 281,303,2025-01-03 00:00:00,2025-11-25 00:00:00,59692,Retail,KE,,Farmer Training,
G1281,Grant 282,224,2025-04-25 00:00:00,2025-12-08 00:00:00,37468,Health,,10004,Soil Health,Finance
G1282,Grant 283,419,2025-04-14 00:00:00,2026-01-04 00:00:00,44954,Core Program,KE,,,
G1283,Grant 284,220,2025-03-20 00:00:00,2025-08-06 00:00:00,175514,,,,,Logistics
G1284,Grant 285,130,2025-04-26 00:00:00,2025-11-06 00:00:00,482215,,,10004,,
G1285,Grant 286,421,2025-02-17 00:00:00,2025-11-16 00:00:00,487521,Health,,,,
G1286,Grant 287,290,2025-03-05 00:00:00,2025-08-15 00:00:00,355211,Agri,UG,,,
G1287,Grant 288,445,2025-02-05 00:00:00,2026-01-24 00:00:00,283140,Health,TZ,10001,,
G1288,Grant 289,377,2025-02-28 00:00:00,2025-11-04 00:00:00,307660,R&D,,,,
G1289,Grant 290,292,2025-01-18 00:00:00,2025-07-18 00:00:00,199237,,,,,Logistics
G1290,Grant 291,356,2025-01-27 00:00:00,2025-09-03 00:00:00,425671,,,10003,,
G1291,Grant 292,295,2025-01-28 00:00:00,2025-10-10 00:00:00,159598,Core Program,,,,
G1292,Grant 293,397,2025-02-28 00:00:00,2026-02-14 00:00:00,91880,,,,,Logistics
G1293,Grant 294,341,2025-02-12 00:00:00,2025-12-17 00:00:00,99046,,,,,Field Operations
G1294,Grant 295,113,2025-03-16 00:00:00,2026-01-16 00:00:00,65286,,,,,M&E
G1295,Grant 296,180,2025-02-24 00:00:00,2026-01-16 00:00:00,249724,,,10004,Expansion,
G1296,Grant 297,308,2025-03-07 00:00:00,2025-09-16 00:00:00,168679,,,10003,,
G1297,Grant 298,433,2025-02-20 00:00:00,2025-11-15 00:00:00,34340,Health,KE,,,
G1298,Grant 299,488,2025-02-23 00:00:00,2026-01-18 00:00:00,167667,Retail,,10001,Farmer Training,
G1299,Grant 300,482,2025-01-15 00:00:00,2025-08-26 00:00:00,335711,,,,Soil Health,
G1300,Grant 301,423,2025-01-12 00:00:00,2025-06-20 00:00:00,263091,,,10001,,
G1301,Grant 302,234,2025-03-16 00:00:00,2026-01-29 00:00:00,329821,Education,,10004,,
G1302,Grant 303,312,2025-03-21 00:00:00,2025-09-01 00:00:00,257875,Health,,,,
G1303,Grant 304,165,2025-04-05 00:00:00,2025-11-27 00:00:00,485282,,DRC,,Yield Improvement,
G1304,Grant 305,137,2025-04-08 00:00:00,2026-01-30 00:00:00,70341,,,10004,,
G1305,Grant 306,198,2025-02-06 00:00:00,2025-10-09 00:00:00,346158,,UG,,,
G1306,Grant 307,259,2025-03-05 00:00:00,2025-12-15 00:00:00,27616,,,,Farmer Training,
G1307,Grant 308,233,2025-04-09 00:00:00,2026-01-25 00:00:00,150886,Core Program,,,,
G1308,Grant 309,116,2025-01-18 00:00:00,2025-09-09 00:00:00,348247,Education,,,,
G1309,Grant 310,121,2025-03-04 00:00:00,2025-09-15 00:00:00,317363,Agri,,,,Field Operations
G1310,Grant 311,350,2025-04-14 00:00:00,2025-12-30 00:00:00,115091,Core Program,,,,
G1311,Grant 312,225,2025-02-01 00:00:00,2025-12-04 00:00:00,487252,R&D,,,,
G1312,Grant 313,403,2025-04-29 00:00:00,2025-11-06 00:00:00,474573,,,10005,,
G1313,Grant 314,398,2025-03-30 00:00:00,2025-12-01 00:00:00,326437,,,10002,Yield Improvement,
G1314,Grant 315,128,2025-04-26 00:00:00,2026-03-16 00:00:00,195472,,DRC,,,
G1315,Grant 316,286,2025-03-13 00:00:00,2025-07-18 00:00:00,1336,,,,Soil Health,Logistics
G1316,Grant 317,412,2025-01-30 00:00:00,2025-09-09 00:00:00,361762,Retail,RW,,Expansion,
G1317,Grant 318,108,2025-03-15 00:00:00,2025-10-28 00:00:00,488436,Education,,,,
G1318,Grant 319,371,2025-02-01 00:00:00,2025-06-15 00:00:00,236998,R&D,TZ,10001,Soil Health,
G1319,Grant 320,326,2025-01-11 00:00:00,2025-08-21 00:00:00,457843,,,,Soil Health,
G1320,Grant 321,134,2025-03-05 00:00:00,2026-03-02 00:00:00,114502,,KE,,,
G1321,Grant 322,453,2025-01-06 00:00:00,2025-09-29 00:00:00,333597,,,10001,,
G1322,Grant 323,45,2025-02-27 00:00:00,2025-07-28 00:00:00,212127,,,10002,,
G1323,Grant 324,461,2025-02-17 00:00:00,2025-07-26 00:00:00,227256,,,,Yield Improvement,
G1324,Grant 325,66,2025-01-25 00:00:00,2025-06-27 00:00:00,470600,,,,,Logistics
G1325,Grant 326,284,2025-03-21 00:00:00,2025-11-08 00:00:00,268842,Retail,,10001,Farmer Training,Field Operations
G1326,Grant 327,86,2025-03-28 00:00:00,2026-01-17 00:00:00,181494,,,10001,Expansion,Field Operations
G1327,Grant 328,243,2025-04-26 00:00:00,2025-09-30 00:00:00,68766,,KE,10002,,
G1328,Grant 329,187,2025-01-18 00:00:00,2025-10-13 00:00:00,105188,,,,Yield Improvement,
G1329,Grant 330,384,2025-02-22 00:00:00,2025-08-15 00:00:00,250819,Health,,,Farmer Training,
G1330,Grant 331,160,2025-04-18 00:00:00,2025-10-30 00:00:00,392716,Health,DRC,,,M&E
G1331,Grant 332,13,2025-04-21 00:00:00,2026-01-27 00:00:00,267150,Retail,DRC,,Expansion,
G1332,Grant 333,36,2025-02-11 00:00:00,2025-11-06 00:00:00,243934,,KE,,,
G1333,Grant 334,29,2025-02-04 00:00:00,2025-09-21 00:00:00,268598,,,10005,,M&E
G1334,Grant 335,171,2025-01-26 00:00:00,2025-07-11 00:00:00,238069,Retail,,,,
G1335,Grant 336,143,2025-01-15 00:00:00,2025-06-02 00:00:00,45036,,TZ,10003,,
G1336,Grant 337,399,2025-03-02 00:00:00,2025-11-01 00:00:00,54822,,,,Soil Health,Logistics
G1337,Grant 338,343,2025-03-09 00:00:00,2025-08-15 00:00:00,193656,Health,,,,
G1338,Grant 339,222,2025-01-31 00:00:00,2025-12-17 00:00:00,320674,,TZ,,,Field Operations
G1339,Grant 340,96,2025-03-10 00:00:00,2025-11-01 00:00:00,266702,,,,Yield Improvement,
G1340,Grant 341,52,2025-01-23 00:00:00,2025-05-28 00:00:00,487108,Education,,10003,,
G1341,Grant 342,241,2025-02-12 00:00:00,2025-11-03 00:00:00,304391,Retail,,10002,,M&E
G1342,Grant 343,485,2025-04-22 00:00:00,2025-08-30 00:00:00,172103,,,10001,Soil Health,
G1343,Grant 344,379,2025-02-16 00:00:00,2025-08-23 00:00:00,247732,,RW,,,
G1344,Grant 345,179,2025-04-04 00:00:00,2025-11-28 00:00:00,376854,,,10004,Farmer Training,
G1345,Grant 346,42,2025-04-29 00:00:00,2026-03-23 00:00:00,138854,,,,Trees,Field Operations
G1346,Grant 347,499,2025-02-28 00:00:00,2025-09-25 00:00:00,129447,Core Program,,,,Finance
G1347,Grant 348,422,2025-01-27 00:00:00,2025-06-22 00:00:00,433783,,RW,,,
G1348,Grant 349,207,2025-01-28 00:00:00,2025-09-22 00:00:00,136758,,TZ,,,
G1349,Grant 350,283,2025-04-16 00:00:00,2025-09-03 00:00:00,224068,,,10005,,
G1350,Grant 351,255,2025-02-23 00:00:00,2025-09-30 00:00:00,54311,R&D,,,,
G1351,Grant 352,413,2025-04-25 00:00:00,2026-01-16 00:00:00,279572,Health,,,,
G1352,Grant 353,5,2025-04-03 00:00:00,2025-09-13 00:00:00,145933,,TZ,,,
G1353,Grant 354,257,2025-03-02 00:00:00,2025-12-05 00:00:00,228105,R&D,UG,10001,,
G1354,Grant 355,449,2025-04-27 00:00:00,2026-01-30 00:00:00,47418,,,,Trees,
G1355,Grant 356,101,2025-03-06 00:00:00,2025-08-19 00:00:00,4178,,RW,,Trees,Logistics
G1356,Grant 357,227,2025-03-08 00:00:00,2025-07-17 00:00:00,488387,,,,,Field Operations
G1357,Grant 358,430,2025-01-10 00:00:00,2025-11-13 00:00:00,181418,,,,,M&E
G1358,Grant 359,214,2025-02-10 00:00:00,2025-08-28 00:00:00,296209,,,,Farmer Training,
G1359,Grant 360,172,2025-02-08 00:00:00,2025-08-06 00:00:00,44169,,,,Trees,Field Operations
G1360,Grant 361,99,2025-04-11 00:00:00,2026-01-11 00:00:00,480809,,,10004,,Field Operations
G1361,Grant 362,293,2025-02-14 00:00:00,2025-11-24 00:00:00,33083,,DRC,10002,,Finance
G1362,Grant 363,216,2025-01-16 00:00:00,2025-11-18 00:00:00,139261,,,10004,,
G1363,Grant 364,62,2025-01-17 00:00:00,2025-11-01 00:00:00,399276,Education,DRC,,,Field Operations
G1364,Grant 365,48,2025-01-31 00:00:00,2025-09-06 00:00:00,424221,,UG,10005,,
G1365,Grant 366,33,2025-04-01 00:00:00,2025-10-26 00:00:00,124664,,,,,M&E
G1366,Grant 367,268,2025-02-15 00:00:00,2025-12-26 00:00:00,31791,Agri,,,Yield Improvement,Logistics
G1367,Grant 368,328,2025-04-01 00:00:00,2025-11-14 00:00:00,412840,,,10005,,
G1368,Grant 369,201,2025-03-01 00:00:00,2025-12-30 00:00:00,270515,Education,,10004,,
G1369,Grant 370,447,2025-01-09 00:00:00,2025-05-28 00:00:00,149955,,,,,Field Operations
G1370,Grant 371,28,2025-04-26 00:00:00,2026-04-10 00:00:00,195999,,RW,,,
G1371,Grant 372,425,2025-01-26 00:00:00,2025-09-04 00:00:00,484241,Education,,,,
G1372,Grant 373,231,2025-02-26 00:00:00,2025-10-19 00:00:00,293717,,,,Expansion,M&E
G1373,Grant 374,261,2025-02-26 00:00:00,2025-07-21 00:00:00,16989,,,10001,,
G1374,Grant 375,289,2025-02-14 00:00:00,2025-08-31 00:00:00,411520,,,,Expansion,
G1375,Grant 376,163,2025-04-23 00:00:00,2026-02-05 00:00:00,259669,Retail,,,,
G1376,Grant 377,426,2025-01-04 00:00:00,2025-10-21 00:00:00,423217,Retail,,,,
G1377,Grant 378,139,2025-02-01 00:00:00,2025-08-17 00:00:00,337373,,,10003,,
G1378,Grant 379,63,2025-02-15 00:00:00,2026-01-18 00:00:00,193888,,TZ,,,
G1379,Grant 380,136,2025-02-27 00:00:00,2025-09-24 00:00:00,287639,Agri,,,,
G1380,Grant 381,129,2025-01-12 00:00:00,2025-09-06 00:00:00,495166,,DRC,,Yield Improvement,
G1381,Grant 382,477,2025-01-03 00:00:00,2025-09-14 00:00:00,51013,,,,Farmer Training,
G1382,Grant 383,9,2025-04-08 00:00:00,2025-11-06 00:00:00,256658,Retail,,,,
G1383,Grant 384,327,2025-04-06 00:00:00,2026-03-11 00:00:00,498623,,,,Farmer Training,
G1384,Grant 385,464,2025-02-08 00:00:00,2025-10-07 00:00:00,210074,,,10002,,
G1385,Grant 386,65,2025-01-08 00:00:00,2025-05-15 00:00:00,119542,,,10003,,
G1386,Grant 387,301,2025-03-19 00:00:00,2025-10-01 00:00:00,152542,,,,Yield Improvement,
G1387,Grant 388,15,2025-03-30 00:00:00,2026-02-21 00:00:00,66524,,TZ,,,
G1388,Grant 389,157,2025-03-19 00:00:00,2025-08-13 00:00:00,420515,Retail,,10004,,
G1389,Grant 390,41,2025-03-09 00:00:00,2025-08-21 00:00:00,421497,,TZ,,,
G1390,Grant 391,380,2025-02-16 00:00:00,2025-08-17 00:00:00,63712,,,,,Finance
G1391,Grant 392,469,2025-04-15 00:00:00,2026-02-21 00:00:00,71219,R&D,,10001,Yield Improvement,
G1392,Grant 393,404,2025-02-18 00:00:00,2025-07-24 00:00:00,22042,,RW,,,
G1393,Grant 394,217,2025-02-15 00:00:00,2025-08-25 00:00:00,146817,,UG,,,
G1394,Grant 395,280,2025-04-06 00:00:00,2026-01-08 00:00:00,195795,,,,Expansion,M&E
G1395,Grant 396,435,2025-02-20 00:00:00,2025-12-06 00:00:00,285236,,,,,M&E
G1396,Grant 397,431,2025-02-18 00:00:00,2025-09-12 00:00:00,22638,Retail,,,,
G1397,Grant 398,338,2025-01-14 00:00:00,2025-07-18 00:00:00,193147,,,,,Logistics
G1398,Grant 399,237,2025-01-01 00:00:00,2025-12-14 00:00:00,293007,,DRC,,,
G1399,Grant 400,208,2025-04-25 00:00:00,2025-11-03 00:00:00,103552,R&D,,10004,,Finance
G1400,Grant 401,213,2025-02-17 00:00:00,2026-02-06 00:00:00,436840,,KE,,,
G1401,Grant 402,296,2025-01-09 00:00:00,2025-08-25 00:00:00,85518,,,10001,,
G1402,Grant 403,458,2025-01-13 00:00:00,2025-05-16 00:00:00,309360,Retail,,,,
G1403,Grant 404,252,2025-02-11 00:00:00,2025-10-29 00:00:00,6033,,,,,M&E
G1404,Grant 405,489,2025-02-09 00:00:00,2025-08-11 00:00:00,452747,R&D,TZ,,,
G1405,Grant 406,487,2025-01-02 00:00:00,2025-10-01 00:00:00,408014,R&D,,10002,,
G1406,Grant 407,304,2025-04-21 00:00:00,2025-10-19 00:00:00,266228,,,,Yield Improvement,
G1407,Grant 408,351,2025-02-18 00:00:00,2026-01-20 00:00:00,267383,Agri,,,,
G1408,Grant 409,270,2025-02-03 00:00:00,2025-07-08 00:00:00,215159,Core Program,RW,,Trees,Field Operations
G1409,Grant 410,202,2025-02-07 00:00:00,2025-12-12 00:00:00,381824,,,10003,,
G1410,Grant 411,162,2025-01-29 00:00:00,2025-12-05 00:00:00,400437,Health,,10005,Yield Improvement,Field Operations
G1411,Grant 412,44,2025-02-13 00:00:00,2025-09-07 00:00:00,243887,,,10003,,Logistics
G1412,Grant 413,218,2025-01-05 00:00:00,2025-06-21 00:00:00,283152,,RW,,,
G1413,Grant 414,402,2025-01-23 00:00:00,2025-08-12 00:00:00,408775,,,,Trees,Finance
G1414,Grant 415,191,2025-04-14 00:00:00,2025-11-15 00:00:00,272409,,,,Farmer Training,
G1415,Grant 416,310,2025-01-31 00:00:00,2025-12-08 00:00:00,469668,,,,,Logistics
G1416,Grant 417,260,2025-02-04 00:00:00,2026-01-18 00:00:00,290532,,,,,M&E
G1417,Grant 418,106,2025-03-22 00:00:00,2026-03-07 00:00:00,271095,,,10001,,M&E
G1418,Grant 419,54,2025-03-27 00:00:00,2025-09-26 00:00:00,312256,,,10004,,
G1419,Grant 420,390,2025-03-23 00:00:00,2025-08-16 00:00:00,90813,Core Program,UG,,Yield Improvement,
G1420,Grant 421,2,2025-03-29 00:00:00,2025-09-20 00:00:00,297618,Health,KE,,,M&E
G1421,Grant 422,442,2025-01-30 00:00:00,2025-09-04 00:00:00,130648,,UG,10005,Soil Health,
G1422,Grant 423,483,2025-04-17 00:00:00,2025-09-12 00:00:00,173857,Education,,,Farmer Training,Logistics
G1423,Grant 424,50,2025-03-06 00:00:00,2026-01-01 00:00:00,315260,,KE,,Trees,
G1424,Grant 425,420,2025-02-11 00:00:00,2025-09-16 00:00:00,328920,,,10001,Trees,Logistics
G1425,Grant 426,81,2025-01-19 00:00:00,2025-07-14 00:00:00,138152,,,10002,,
G1426,Grant 427,206,2025-02-22 00:00:00,2025-07-07 00:00:00,435091,Retail,,,Expansion,
G1427,Grant 428,35,2025-02-22 00:00:00,2025-08-31 00:00:00,468435,Health,,,Trees,M&E
G1428,Grant 429,264,2025-03-25 00:00:00,2025-11-28 00:00:00,199763,,,,Yield Improvement,Finance
G1429,Grant 430,428,2025-01-26 00:00:00,2025-08-30 00:00:00,50589,,,,Farmer Training,Finance
G1430,Grant 431,367,2025-03-19 00:00:00,2025-12-20 00:00:00,40886,,DRC,,Soil Health,
G1431,Grant 432,92,2025-01-07 00:00:00,2025-08-19 00:00:00,266369,Health,RW,10005,,M&E
G1432,Grant 433,340,2025-04-21 00:00:00,2026-02-04 00:00:00,311272,,,,,Finance
G1433,Grant 434,474,2025-03-30 00:00:00,2026-02-27 00:00:00,277274,,,,,Logistics
G1434,Grant 435,53,2025-04-20 00:00:00,2025-12-15 00:00:00,56739,Core Program,,,,
G1435,Grant 436,346,2025-04-22 00:00:00,2025-11-21 00:00:00,120392,,,,Farmer Training,
G1436,Grant 437,265,2025-04-11 00:00:00,2025-09-22 00:00:00,455823,Retail,,,,
G1437,Grant 438,242,2025-01-27 00:00:00,2025-06-10 00:00:00,342073,,,,,Logistics
G1438,Grant 439,14,2025-03-07 00:00:00,2026-02-14 00:00:00,114627,,,10002,,
G1439,Grant 440,316,2025-02-21 00:00:00,2025-09-28 00:00:00,12049,Health,,,Soil Health,
G1440,Grant 441,89,2025-03-19 00:00:00,2025-08-28 00:00:00,320348,,,,Soil Health,
G1441,Grant 442,388,2025-01-12 00:00:00,2025-12-15 00:00:00,216705,,,,Soil Health,
G1442,Grant 443,274,2025-03-22 00:00:00,2025-09-05 00:00:00,108051,,,,,Logistics
G1443,Grant 444,167,2025-02-03 00:00:00,2025-07-16 00:00:00,6499,,TZ,10004,Yield Improvement,
G1444,Grant 445,329,2025-01-19 00:00:00,2025-05-24 00:00:00,117220,Core Program,,,,
G1445,Grant 446,493,2025-02-22 00:00:00,2025-07-28 00:00:00,363579,,,,Expansion,Field Operations
G1446,Grant 447,135,2025-04-29 00:00:00,2025-09-09 00:00:00,378864,Health,DRC,10001,Farmer Training,M&E
G1447,Grant 448,307,2025-04-25 00:00:00,2025-08-23 00:00:00,287198,,,10004,,
G1448,Grant 449,481,2025-03-15 00:00:00,2025-10-18 00:00:00,368371,Education,UG,,,
G1449,Grant 450,320,2025-03-26 00:00:00,2026-02-20 00:00:00,296685,,,,,Logistics
G1450,Grant 451,244,2025-01-01 00:00:00,2025-10-01 00:00:00,141399,,,,Soil Health,
G1451,Grant 452,55,2025-01-10 00:00:00,2025-09-06 00:00:00,309645,Core Program,,,Trees,
G1452,Grant 453,364,2025-03-15 00:00:00,2025-10-30 00:00:00,212655,R&D,DRC,,Soil Health,
G1453,Grant 454,51,2025-03-05 00:00:00,2026-01-17 00:00:00,411616,,,,Farmer Training,
G1454,Grant 455,457,2025-02-13 00:00:00,2025-08-04 00:00:00,145615,,,,,Finance
G1455,Grant 456,175,2025-03-23 00:00:00,2026-03-06 00:00:00,32625,,,,,Finance
G1456,Grant 457,446,2025-01-30 00:00:00,2025-11-27 00:00:00,22341,Health,,,Soil Health,
G1457,Grant 458,190,2025-03-18 00:00:00,2026-03-01 00:00:00,475124,,,,,Field Operations
G1458,Grant 459,497,2025-04-11 00:00:00,2025-12-27 00:00:00,274365,,,,Farmer Training,
G1459,Grant 460,188,2025-02-01 00:00:00,2025-09-07 00:00:00,6636,,,,Expansion,M&E
G1460,Grant 461,170,2025-04-23 00:00:00,2026-03-27 00:00:00,271590,,DRC,10001,,
G1461,Grant 462,59,2025-04-22 00:00:00,2025-11-24 00:00:00,436686,,,,,Field Operations
G1462,Grant 463,49,2025-04-19 00:00:00,2025-12-06 00:00:00,158403,,,10005,,
G1463,Grant 464,345,2025-01-15 00:00:00,2025-10-27 00:00:00,321057,,RW,10002,Trees,
G1464,Grant 465,236,2025-03-17 00:00:00,2025-10-20 00:00:00,19830,,DRC,,Yield Improvement,Finance
G1465,Grant 466,253,2025-01-04 00:00:00,2025-08-04 00:00:00,354699,,RW,,,M&E
G1466,Grant 467,22,2025-03-29 00:00:00,2026-01-05 00:00:00,246160,,,10003,,
G1467,Grant 468,314,2025-04-05 00:00:00,2026-03-29 00:00:00,291477,,,,Trees,
G1468,Grant 469,460,2025-04-04 00:00:00,2026-03-25 00:00:00,370566,,,10002,,Field Operations
G1469,Grant 470,161,2025-01-31 00:00:00,2025-12-02 00:00:00,135563,,,,,Finance
G1470,Grant 471,277,2025-01-18 00:00:00,2025-12-09 00:00:00,209726,,,,Trees,
G1471,Grant 472,444,2025-03-10 00:00:00,2025-08-31 00:00:00,185381,,,,,Logistics
G1472,Grant 473,192,2025-04-02 00:00:00,2025-11-20 00:00:00,374513,,KE,10005,,
G1473,Grant 474,386,2025-02-12 00:00:00,2025-08-13 00:00:00,373454,,,,,M&E
G1474,Grant 475,294,2025-04-05 00:00:00,2025-08-08 00:00:00,404602,,,10001,Expansion,
G1475,Grant 476,414,2025-01-28 00:00:00,2025-06-01 00:00:00,224032,Agri,UG,,,
G1476,Grant 477,344,2025-03-08 00:00:00,2025-12-05 00:00:00,491103,,UG,,,
G1477,Grant 478,258,2025-03-18 00:00:00,2026-03-13 00:00:00,472678,,,10004,Trees,
G1478,Grant 479,309,2025-01-17 00:00:00,2025-06-12 00:00:00,213566,Agri,,,Farmer Training,
G1479,Grant 480,150,2025-02-14 00:00:00,2025-10-23 00:00:00,274326,Retail,,,,
G1480,Grant 481,131,2025-03-23 00:00:00,2025-08-06 00:00:00,170957,,,10004,,
G1481,Grant 482,152,2025-04-19 00:00:00,2025-10-31 00:00:00,169733,,,10003,,
G1482,Grant 483,360,2025-01-18 00:00:00,2025-10-31 00:00:00,197243,,,10004,,
G1483,Grant 484,100,2025-03-13 00:00:00,2026-01-05 00:00:00,359320,,,,,Logistics
G1484,Grant 485,373,2025-01-23 00:00:00,2025-07-09 00:00:00,36362,Retail,,,,
G1485,Grant 486,88,2025-03-07 00:00:00,2025-09-16 00:00:00,99707,,,,Farmer Training,
G1486,Grant 487,459,2025-02-03 00:00:00,2025-12-17 00:00:00,155062,,,10002,,
G1487,Grant 488,331,2025-01-03 00:00:00,2025-12-02 00:00:00,115161,,,10002,,
G1488,Grant 489,215,2025-03-29 00:00:00,2025-08-12 00:00:00,90941,,,,Expansion,
G1489,Grant 490,467,2025-01-03 00:00:00,2025-07-09 00:00:00,104475,,,,Farmer Training,M&E
G1490,Grant 491,122,2025-04-23 00:00:00,2025-11-27 00:00:00,352224,,RW,,,
G1491,Grant 492,500,2025-03-08 00:00:00,2026-02-17 00:00:00,52024,,,10001,,
G1492,Grant 493,21,2025-04-07 00:00:00,2025-09-30 00:00:00,225699,Retail,,,,Logistics
G1493,Grant 494,189,2025-02-03 00:00:00,2025-08-08 00:00:00,384015,,,10003,,
G1494,Grant 495,72,2025-01-11 00:00:00,2025-07-19 00:00:00,78511,R&D,,,,
G1495,Grant 496,107,2025-04-21 00:00:00,2025-12-29 00:00:00,435044,,UG,,,
G1496,Grant 497,271,2025-01-16 00:00:00,2025-07-08 00:00:00,323534,,,,Yield Improvement,
G1497,Grant 498,349,2025-01-20 00:00:00,2025-06-12 00:00:00,319821,,,,,
G1498,Grant 499,436,2025-04-08 00:00:00,2025-09-27 00:00:00,164004,,,,,Finance
G1499,Grant 500,103,2025-04-26 00:00:00,2025-09-03 00:00:00,56182,,,10001,,
